-- Insertar datos en la tabla pago
SELECT*FROM pago;
INSERT INTO pago([fecha_pago], [monto_pago], [metodo_pago], [referencia_pago], [estado_pago], [fecha_creacion], [fecha_actualizacion])
VALUES 
('2024-12-01', 150.75, 'Tarjeta', 'REF001', 'Pagado', GETDATE(), GETDATE()),
('2024-12-02', 200.00, 'Transferencia', 'REF002', 'Pendiente', GETDATE(), GETDATE()),
('2024-12-03', 100.50, 'Efectivo', 'REF003', 'Pagado', GETDATE(), GETDATE()),
('2024-12-04', 120.00, 'Tarjeta', 'REF004', 'Pendiente', GETDATE(), GETDATE()),
('2024-12-05', 175.20, 'Transferencia', 'REF005', 'Pagado', GETDATE(), GETDATE()),
('2024-12-06', 90.00, 'Efectivo', 'REF006', 'Pendiente', GETDATE(), GETDATE()),
('2024-12-07', 250.30, 'Tarjeta', 'REF007', 'Pagado', GETDATE(), GETDATE()),
('2024-12-08', 80.00, 'Transferencia', 'REF008', 'Pendiente', GETDATE(), GETDATE()),
('2024-12-09', 300.50, 'Efectivo', 'REF009', 'Pagado', GETDATE(), GETDATE()),
('2024-12-10', 50.00, 'Tarjeta', 'REF010', 'Pendiente', GETDATE(), GETDATE()),
('2024-12-11', 150.00, 'Transferencia', 'REF011', 'Pagado', GETDATE(), GETDATE()),
('2024-12-12', 210.25, 'Efectivo', 'REF012', 'Pendiente', GETDATE(), GETDATE()),
('2024-12-13', 300.00, 'Tarjeta', 'REF013', 'Pagado', GETDATE(), GETDATE()),
('2024-12-14', 120.75, 'Transferencia', 'REF014', 'Pendiente', GETDATE(), GETDATE()),
('2024-12-15', 250.00, 'Efectivo', 'REF015', 'Pagado', GETDATE(), GETDATE()),
('2024-12-16', 75.50, 'Tarjeta', 'REF016', 'Pendiente', GETDATE(), GETDATE()),
('2024-12-17', 180.20, 'Transferencia', 'REF017', 'Pagado', GETDATE(), GETDATE()),
('2024-12-18', 95.00, 'Efectivo', 'REF018', 'Pendiente', GETDATE(), GETDATE()),
('2024-12-19', 125.00, 'Tarjeta', 'REF019', 'Pagado', GETDATE(), GETDATE()),
('2024-12-20', 215.30, 'Transferencia', 'REF020', 'Pendiente', GETDATE(), GETDATE()),
('2024-12-21', 230.00, 'Efectivo', 'REF021', 'Pagado', GETDATE(), GETDATE()),
('2024-12-22', 145.00, 'Tarjeta', 'REF022', 'Pendiente', GETDATE(), GETDATE()),
('2024-12-23', 160.50, 'Transferencia', 'REF023', 'Pagado', GETDATE(), GETDATE()),
('2024-12-24', 110.75, 'Efectivo', 'REF024', 'Pendiente', GETDATE(), GETDATE()),
('2024-12-25', 195.00, 'Tarjeta', 'REF025', 'Pagado', GETDATE(), GETDATE()),
('2024-12-26', 220.30, 'Transferencia', 'REF026', 'Pendiente', GETDATE(), GETDATE()),
('2024-12-27', 85.00, 'Efectivo', 'REF027', 'Pagado', GETDATE(), GETDATE()),
('2024-12-28', 175.40, 'Tarjeta', 'REF028', 'Pendiente', GETDATE(), GETDATE()),
('2024-12-29', 200.50, 'Transferencia', 'REF029', 'Pagado', GETDATE(), GETDATE()),
('2024-12-30', 110.00, 'Efectivo', 'REF030', 'Pendiente', GETDATE(), GETDATE()),
('2024-12-31', 120.00, 'Tarjeta', 'REF031', 'Pagado', GETDATE(), GETDATE()),
('2024-11-01', 200.25, 'Transferencia', 'REF032', 'Pendiente', GETDATE(), GETDATE()),
('2024-11-02', 145.00, 'Efectivo', 'REF033', 'Pagado', GETDATE(), GETDATE()),
('2024-11-03', 230.75, 'Tarjeta', 'REF034', 'Pendiente', GETDATE(), GETDATE()),
('2024-11-04', 170.50, 'Transferencia', 'REF035', 'Pagado', GETDATE(), GETDATE()),
('2024-11-05', 80.25, 'Efectivo', 'REF036', 'Pendiente', GETDATE(), GETDATE()),
('2024-11-06', 190.30, 'Tarjeta', 'REF037', 'Pagado', GETDATE(), GETDATE()),
('2024-11-07', 125.75, 'Transferencia', 'REF038', 'Pendiente', GETDATE(), GETDATE()),
('2024-11-08', 150.00, 'Efectivo', 'REF039', 'Pagado', GETDATE(), GETDATE()),
('2024-11-09', 200.75, 'Tarjeta', 'REF040', 'Pendiente', GETDATE(), GETDATE()),
('2024-11-10', 130.00, 'Transferencia', 'REF041', 'Pagado', GETDATE(), GETDATE()),
('2024-11-11', 150.25, 'Efectivo', 'REF042', 'Pendiente', GETDATE(), GETDATE()),
('2024-11-12', 170.50, 'Tarjeta', 'REF043', 'Pagado', GETDATE(), GETDATE()),
('2024-11-13', 200.00, 'Transferencia', 'REF044', 'Pendiente', GETDATE(), GETDATE()),
('2024-11-14', 250.50, 'Efectivo', 'REF045', 'Pagado', GETDATE(), GETDATE()),
('2024-11-15', 175.25, 'Tarjeta', 'REF046', 'Pendiente', GETDATE(), GETDATE()),
('2024-11-16', 120.00, 'Transferencia', 'REF047', 'Pagado', GETDATE(), GETDATE()),
('2024-11-17', 135.75, 'Efectivo', 'REF048', 'Pendiente', GETDATE(), GETDATE()),
('2024-11-18', 220.50, 'Tarjeta', 'REF049', 'Pagado', GETDATE(), GETDATE()),
('2024-11-19', 150.25, 'Transferencia', 'REF050', 'Pendiente', GETDATE(), GETDATE());
GO
--Insertar datos en tabla factura
SELECT*FROM factura;
INSERT INTO factura([pago_id], [fecha_emision], [fecha_vencimiento], [monto_total], [estado_pago], [moneda], [descuento], [fecha_creacion], [fecha_actualizacion], [usuario_creador])
VALUES 
(1, '2024-12-01', '2024-12-15', 150.75, 'Pendiente', 'USD', 0.00, GETDATE(), GETDATE(), 'admin'),
(2, '2024-12-02', '2024-12-16', 200.00, 'Pagado', 'USD', 0.00, GETDATE(), GETDATE(), 'admin'),
(3, '2024-12-03', '2024-12-17', 100.50, 'Pendiente', 'USD', 0.00, GETDATE(), GETDATE(), 'admin'),
(4, '2024-12-04', '2024-12-18', 120.00, 'Pagado', 'USD', 0.00, GETDATE(), GETDATE(), 'admin'),
(5, '2024-12-05', '2024-12-19', 175.20, 'Pendiente', 'USD', 0.00, GETDATE(), GETDATE(), 'admin'),
(6, '2024-12-06', '2024-12-20', 90.00, 'Pagado', 'USD', 0.00, GETDATE(), GETDATE(), 'admin'),
(7, '2024-12-07', '2024-12-21', 250.30, 'Pendiente', 'USD', 0.00, GETDATE(), GETDATE(), 'admin'),
(8, '2024-12-08', '2024-12-22', 80.00, 'Pagado', 'USD', 0.00, GETDATE(), GETDATE(), 'admin'),
(9, '2024-12-09', '2024-12-23', 300.50, 'Pendiente', 'USD', 0.00, GETDATE(), GETDATE(), 'admin'),
(10, '2024-12-10', '2024-12-24', 50.00, 'Pagado', 'USD', 0.00, GETDATE(), GETDATE(), 'admin'),
(11, '2024-12-11', '2024-12-25', 150.00, 'Pendiente', 'USD', 0.00, GETDATE(), GETDATE(), 'admin'),
(12, '2024-12-12', '2024-12-26', 210.25, 'Pagado', 'USD', 0.00, GETDATE(), GETDATE(), 'admin'),
(13, '2024-12-13', '2024-12-27', 300.00, 'Pendiente', 'USD', 0.00, GETDATE(), GETDATE(), 'admin'),
(14, '2024-12-14', '2024-12-28', 120.75, 'Pagado', 'USD', 0.00, GETDATE(), GETDATE(), 'admin'),
(15, '2024-12-15', '2024-12-29', 250.00, 'Pendiente', 'USD', 0.00, GETDATE(), GETDATE(), 'admin'),
(16, '2024-12-16', '2024-12-30', 75.50, 'Pagado', 'USD', 0.00, GETDATE(), GETDATE(), 'admin'),
(17, '2024-12-17', '2024-12-31', 180.20, 'Pendiente', 'USD', 0.00, GETDATE(), GETDATE(), 'admin'),
(18, '2024-12-18', '2025-01-01', 95.00, 'Pagado', 'USD', 0.00, GETDATE(), GETDATE(), 'admin'),
(19, '2024-12-19', '2025-01-02', 125.00, 'Pendiente', 'USD', 0.00, GETDATE(), GETDATE(), 'admin'),
(20, '2024-12-20', '2025-01-03', 215.30, 'Pagado', 'USD', 0.00, GETDATE(), GETDATE(), 'admin');
GO
-- Insertar datos en la tabla contrato
SELECT*FROM contrato;
INSERT INTO contrato([fecha_inicio], [fecha_vencimiento], [fecha_creacion], [fecha_actualizacion])
VALUES 
('2024-01-01', '2025-01-01', GETDATE(), GETDATE()),
('2024-02-01', '2025-02-01', GETDATE(), GETDATE()),
('2024-03-01', '2025-03-01', GETDATE(), GETDATE()),
('2024-04-01', '2025-04-01', GETDATE(), GETDATE()),
('2024-05-01', '2025-05-01', GETDATE(), GETDATE()),
('2024-06-01', '2025-06-01', GETDATE(), GETDATE()),
('2024-07-01', '2025-07-01', GETDATE(), GETDATE()),
('2024-08-01', '2025-08-01', GETDATE(), GETDATE()),
('2024-09-01', '2025-09-01', GETDATE(), GETDATE()),
('2024-10-01', '2025-10-01', GETDATE(), GETDATE()),
('2024-11-01', '2025-11-01', GETDATE(), GETDATE()),
('2024-12-01', '2025-12-01', GETDATE(), GETDATE()),
('2024-01-10', '2025-01-10', GETDATE(), GETDATE()),
('2024-02-10', '2025-02-10', GETDATE(), GETDATE()),
('2024-03-10', '2025-03-10', GETDATE(), GETDATE()),
('2024-04-10', '2025-04-10', GETDATE(), GETDATE()),
('2024-05-10', '2025-05-10', GETDATE(), GETDATE()),
('2024-06-10', '2025-06-10', GETDATE(), GETDATE()),
('2024-07-10', '2025-07-10', GETDATE(), GETDATE()),
('2024-08-10', '2025-08-10', GETDATE(), GETDATE()),
('2024-09-10', '2025-09-10', GETDATE(), GETDATE()),
('2024-10-10', '2025-10-10', GETDATE(), GETDATE()),
('2024-11-10', '2025-11-10', GETDATE(), GETDATE()),
('2024-12-10', '2025-12-10', GETDATE(), GETDATE()),
('2024-01-15', '2025-01-15', GETDATE(), GETDATE()),
('2024-02-15', '2025-02-15', GETDATE(), GETDATE()),
('2024-03-15', '2025-03-15', GETDATE(), GETDATE()),
('2024-04-15', '2025-04-15', GETDATE(), GETDATE()),
('2024-05-15', '2025-05-15', GETDATE(), GETDATE()),
('2024-06-15', '2025-06-15', GETDATE(), GETDATE());
GO
-- Insertar datos en la tabla soporte tecnico
SELECT*FROM soporte_tecnico;
INSERT INTO soporte_tecnico([fecha_solicitud], [estado_solicitud], [descripcion_problema], [fecha_resolucion], [tecnico_asignado], [comentarios], [fecha_creacion], [fecha_actualizacion])
VALUES 
('2024-01-01', 'Pendiente', 'Problema con la conexión a internet', '2024-01-02', 'Juan Pérez', 'Requiere revisión del modem', GETDATE(), GETDATE()),
('2024-01-05', 'Pendiente', 'Falla en la señal de TV', '2024-01-06', 'Carlos López', 'Revisión del decodificador solicitada', GETDATE(), GETDATE()),
('2024-01-10', 'En Proceso', 'Lentitud en la conexión de internet', '2024-01-12', 'Ana García', 'Reiniciar router como medida preventiva', GETDATE(), GETDATE()),
('2024-01-15', 'Pendiente', 'Problema con la línea telefónica', '2024-01-16', 'Luis Sánchez', 'Requiere visita técnica', GETDATE(), GETDATE()),
('2024-01-20', 'Resuelto', 'Interrupciones en el servicio de cable', '2024-01-22', 'Javier Ruiz', 'Cambio de cableado realizado', GETDATE(), GETDATE()),
('2024-01-25', 'Pendiente', 'No se puede conectar al Wi-Fi', '2024-01-26', 'Roberto Jiménez', 'Reiniciar el router', GETDATE(), GETDATE()),
('2024-01-30', 'En Proceso', 'Error en la factura', '2024-02-02', 'Marta Pérez', 'Pendiente validación de pago', GETDATE(), GETDATE()),
('2024-02-02', 'Pendiente', 'Falta de señal en la televisión', '2024-02-05', 'Pedro Gómez', 'Revisión de antena solicitada', GETDATE(), GETDATE()),
('2024-02-05', 'Resuelto', 'Falla en la línea telefónica', '2024-02-06', 'Laura Martínez', 'Reemplazo de cableado realizado', GETDATE(), GETDATE()),
('2024-02-10', 'Pendiente', 'Error al cargar el canal de deportes', '2024-02-11', 'David Ortiz', 'Problema con la programación del canal', GETDATE(), GETDATE()),
('2024-02-12', 'En Proceso', 'Interrupciones intermitentes de internet', '2024-02-15', 'Antonio Rodríguez', 'Inspección del router en curso', GETDATE(), GETDATE()),
('2024-02-15', 'Resuelto', 'Falta de señal en la TV', '2024-02-18', 'José Martínez', 'Problema resuelto con un nuevo ajuste de antena', GETDATE(), GETDATE()),
('2024-02-18', 'Pendiente', 'El teléfono no tiene tono', '2024-02-20', 'Ricardo Díaz', 'Revisión de la línea externa pendiente', GETDATE(), GETDATE()),
('2024-02-22', 'Resuelto', 'Lentitud en la conexión de internet', '2024-02-23', 'Beatriz Gómez', 'Reiniciar modem resuelto el problema', GETDATE(), GETDATE()),
('2024-02-25', 'Pendiente', 'El canal de noticias no carga', '2024-02-28', 'María López', 'Chequeo de la señal del canal', GETDATE(), GETDATE()),
('2024-03-01', 'En Proceso', 'Falla en el control remoto', '2024-03-03', 'Fernando Ruiz', 'Esperando repuesto de control remoto', GETDATE(), GETDATE()),
('2024-03-05', 'Resuelto', 'Error de facturación', '2024-03-06', 'Cristina Pérez', 'Se resolvió tras ajuste en sistema de facturación', GETDATE(), GETDATE()),
('2024-03-10', 'Pendiente', 'Problema con la conexión Wi-Fi', '2024-03-12', 'Victor Martínez', 'Revisión de la red Wi-Fi solicitada', GETDATE(), GETDATE()),
('2024-03-15', 'En Proceso', 'Lentitud en el servicio de cable', '2024-03-18', 'Patricia García', 'Revisión de frecuencia pendiente', GETDATE(), GETDATE()),
('2024-03-20', 'Pendiente', 'El servicio no responde', '2024-03-22', 'Felipe López', 'Inspección externa requerida', GETDATE(), GETDATE()),
('2024-03-25', 'Resuelto', 'Problema con la conexión de internet', '2024-03-27', 'Luis Pérez', 'Problema resuelto al actualizar configuración', GETDATE(), GETDATE());
GO
-- Insertar datos en la tabla servicio
SELECT*FROM servicio;
INSERT INTO servicio([nombre_servicio], [precio_mensual], [descuento], [soporte_id], [fecha_creacion], [fecha_actualizacion], [usuario_creador])
VALUES 
('Internet 10 Mbps', 29.99, 5.00, 1, GETDATE(), GETDATE(), 'admin'),
('Internet 20 Mbps', 39.99, 5.00, 2, GETDATE(), GETDATE(), 'admin'),
('Internet 50 Mbps', 59.99, 10.00, 3, GETDATE(), GETDATE(), 'admin'),
('Internet 100 Mbps', 89.99, 10.00, 4, GETDATE(), GETDATE(), 'admin'),
('Internet 200 Mbps', 129.99, 15.00, 5, GETDATE(), GETDATE(), 'admin'),
('Internet 500 Mbps', 199.99, 20.00, 6, GETDATE(), GETDATE(), 'admin'),
('Internet 1 Gbps', 299.99, 25.00, 7, GETDATE(), GETDATE(), 'admin'),
('TV Básica', 14.99, 3.00, 8, GETDATE(), GETDATE(), 'admin'),
('TV Interactiva', 29.99, 5.00, 9, GETDATE(), GETDATE(), 'admin'),
('TV Premium', 49.99, 7.00, 10, GETDATE(), GETDATE(), 'admin'),
('Paquete Triple Play', 99.99, 10.00, 11, GETDATE(), GETDATE(), 'admin'),
('Paquete Doble Play', 69.99, 8.00, 12, GETDATE(), GETDATE(), 'admin'),
('Telefonía Fija', 9.99, 2.00, 13, GETDATE(), GETDATE(), 'admin'),
('Paquete de Llamadas Internacionales', 19.99, 5.00, 14, GETDATE(), GETDATE(), 'admin'),
('Internet + TV Básica', 44.99, 10.00, 15, GETDATE(), GETDATE(), 'admin'),
('Internet + TV Interactiva', 59.99, 12.00, 16, GETDATE(), GETDATE(), 'admin'),
('Internet + TV Premium', 79.99, 15.00, 17, GETDATE(), GETDATE(), 'admin'),
('Paquete Familiar', 129.99, 20.00, 18, GETDATE(), GETDATE(), 'admin'),
('Paquete Empresarial', 199.99, 25.00, 19, GETDATE(), GETDATE(), 'admin'),
('Soporte Premium', 49.99, 5.00, 20, GETDATE(), GETDATE(), 'admin');
GO
-- Insertar datos en la tabla contrato_servicio
SELECT*FROM contrato_servicio;
INSERT INTO contrato_servicio([contratosv_id], [servicio_id], [fecha_asociacion])
VALUES 
(1, 1, GETDATE()),
(2, 2, GETDATE()),
(3, 3, GETDATE()),
(4, 4, GETDATE()),
(5, 5, GETDATE()),
(6, 6, GETDATE()),
(7, 7, GETDATE()),
(8, 8, GETDATE()),
(9, 9, GETDATE()),
(10, 10, GETDATE()),
(11, 11, GETDATE()),
(12, 12, GETDATE()),
(13, 13, GETDATE()),
(14, 14, GETDATE()),
(15, 15, GETDATE()),
(16, 16, GETDATE()),
(17, 17, GETDATE()),
(18, 18, GETDATE()),
(19, 19, GETDATE()),
(20, 20, GETDATE()),
(21, 1, GETDATE()),
(22, 2, GETDATE()),
(23, 3, GETDATE()),
(24, 4, GETDATE()),
(25, 5, GETDATE()),
(26, 6, GETDATE()),
(27, 7, GETDATE()),
(28, 8, GETDATE()),
(29, 9, GETDATE()),
(30, 10, GETDATE());
GO
-- Ingresar datos de la tabla cliente
SELECT*FROM cliente;
INSERT INTO cliente([factura_id], [contrato_id], [servicio_id], [numero_documento], [nombres], [apellido_paterno], [apellido_materno], 
[correo_electronico], [tipo_cliente], [direccion], [telefono], [fecha_creacion], [fecha_actualizacion], [usuario_creador], [usuario_modificador])
VALUES 
(1, 1, 1, '1234567890', 'Juan', 'Pérez', 'Gómez', 'juan.perez@example.com', 'Individual', 'Calle Ficticia 123', '987654321', GETDATE(), GETDATE(), 'admin', 'admin'),
(2, 2, 2, '2345678901', 'Ana', 'Lopez', 'Martínez', 'ana.lopez@example.com', 'Individual', 'Avenida Real 456', '987654322', GETDATE(), GETDATE(), 'admin', 'admin'),
(3, 3, 3, '3456789012', 'Carlos', 'Gómez', 'Sánchez', 'carlos.gomez@example.com', 'Empresarial', 'Calle El Sol 789', '987654323', GETDATE(), GETDATE(), 'admin', 'admin'),
(4, 4, 4, '4567890123', 'Laura', 'Martín', 'Pérez', 'laura.martin@example.com', 'Individual', 'Calle Luna 101', '987654324', GETDATE(), GETDATE(), 'admin', 'admin'),
(5, 5, 5, '5678901234', 'Pedro', 'Fernández', 'Ramírez', 'pedro.fernandez@example.com', 'Empresarial', 'Calle Marte 202', '987654325', GETDATE(), GETDATE(), 'admin', 'admin'),
(6, 6, 6, '6789012345', 'Sofía', 'Rodríguez', 'Díaz', 'sofia.rodriguez@example.com', 'Individual', 'Avenida Estrella 303', '987654326', GETDATE(), GETDATE(), 'admin', 'admin'),
(7, 7, 7, '7890123456', 'Luis', 'García', 'Torres', 'luis.garcia@example.com', 'Empresarial', 'Calle Rayo 404', '987654327', GETDATE(), GETDATE(), 'admin', 'admin'),
(8, 8, 8, '8901234567', 'Marta', 'Hernández', 'Jiménez', 'marta.hernandez@example.com', 'Individual', 'Calle Viento 505', '987654328', GETDATE(), GETDATE(), 'admin', 'admin'),
(9, 9, 9, '9012345678', 'José', 'Sánchez', 'Vargas', 'jose.sanchez@example.com', 'Empresarial', 'Avenida Cielo 606', '987654329', GETDATE(), GETDATE(), 'admin', 'admin'),
(10, 10, 10, '1122334455', 'Isabel', 'Martínez', 'Gómez', 'isabel.martinez@example.com', 'Individual', 'Calle Tierra 707', '987654330', GETDATE(), GETDATE(), 'admin', 'admin'),
(11, 11, 11, '2233445566', 'Miguel', 'Ramírez', 'López', 'miguel.ramirez@example.com', 'Empresarial', 'Calle Agua 808', '987654331', GETDATE(), GETDATE(), 'admin', 'admin'),
(12, 12, 12, '3344556677', 'Elena', 'Rodríguez', 'Torres', 'elena.rodriguez@example.com', 'Individual', 'Avenida Sol 909', '987654332', GETDATE(), GETDATE(), 'admin', 'admin'),
(13, 13, 13, '4455667788', 'Antonio', 'González', 'Ramírez', 'antonio.gonzalez@example.com', 'Empresarial', 'Calle Noche 1010', '987654333', GETDATE(), GETDATE(), 'admin', 'admin'),
(14, 14, 14, '5566778899', 'Patricia', 'Hernández', 'Mora', 'patricia.hernandez@example.com', 'Individual', 'Calle Luz 1111', '987654334', GETDATE(), GETDATE(), 'admin', 'admin'),
(15, 15, 15, '6677889900', 'Raúl', 'Fernández', 'Márquez', 'raul.fernandez@example.com', 'Empresarial', 'Avenida Tierra 1212', '987654335', GETDATE(), GETDATE(), 'admin', 'admin'),
(16, 16, 16, '7788990011', 'Paula', 'García', 'Álvarez', 'paula.garcia@example.com', 'Individual', 'Calle Mar 1313', '987654336', GETDATE(), GETDATE(), 'admin', 'admin'),
(17, 17, 17, '8899001122', 'Javier', 'Mendoza', 'López', 'javier.mendoza@example.com', 'Empresarial', 'Calle Cielo 1414', '987654337', GETDATE(), GETDATE(), 'admin', 'admin'),
(18, 18, 18, '9900112233', 'Sara', 'Torres', 'Figueroa', 'sara.torres@example.com', 'Individual', 'Avenida Luna 1515', '987654338', GETDATE(), GETDATE(), 'admin', 'admin'),
(19, 19, 19, '1011223344', 'Ricardo', 'Santos', 'Pérez', 'ricardo.santos@example.com', 'Empresarial', 'Calle Viento 1616', '987654339', GETDATE(), GETDATE(), 'admin', 'admin'),
(20, 20, 20, '2122334455', 'Cristina', 'Jiménez', 'Rodríguez', 'cristina.jimenez@example.com', 'Individual', 'Calle Fuego 1717', '987654340', GETDATE(), GETDATE(), 'admin', 'admin');
GO

SELECT*FROM pago;
